{
    "avg_prec": 0.9371713675337425,
    "roc_auc": 0.9569004772782144
}