{
    "avg_prec": 0.9210048736651626,
    "roc_auc": 0.9414568040916826
}